"","A[C>A]A","A[C>A]C","A[C>A]G","A[C>A]T","C[C>A]A","C[C>A]C","C[C>A]G","C[C>A]T","G[C>A]A","G[C>A]C","G[C>A]G","G[C>A]T","T[C>A]A","T[C>A]C","T[C>A]G","T[C>A]T","A[C>G]A","A[C>G]C","A[C>G]G","A[C>G]T","C[C>G]A","C[C>G]C","C[C>G]G","C[C>G]T","G[C>G]A","G[C>G]C","G[C>G]G","G[C>G]T","T[C>G]A","T[C>G]C","T[C>G]G","T[C>G]T","A[C>T]A","A[C>T]C","A[C>T]G","A[C>T]T","C[C>T]A","C[C>T]C","C[C>T]G","C[C>T]T","G[C>T]A","G[C>T]C","G[C>T]G","G[C>T]T","T[C>T]A","T[C>T]C","T[C>T]G","T[C>T]T","A[T>A]A","A[T>A]C","A[T>A]G","A[T>A]T","C[T>A]A","C[T>A]C","C[T>A]G","C[T>A]T","G[T>A]A","G[T>A]C","G[T>A]G","G[T>A]T","T[T>A]A","T[T>A]C","T[T>A]G","T[T>A]T","A[T>C]A","A[T>C]C","A[T>C]G","A[T>C]T","C[T>C]A","C[T>C]C","C[T>C]G","C[T>C]T","G[T>C]A","G[T>C]C","G[T>C]G","G[T>C]T","T[T>C]A","T[T>C]C","T[T>C]G","T[T>C]T","A[T>G]A","A[T>G]C","A[T>G]G","A[T>G]T","C[T>G]A","C[T>G]C","C[T>G]G","C[T>G]T","G[T>G]A","G[T>G]C","G[T>G]G","G[T>G]T","T[T>G]A","T[T>G]C","T[T>G]G","T[T>G]T"
"MB-REC-26",85,253,19,2035,492,597,120,6944,267,673,110,5468,203,1058,27,7923,77,13,6,21,6,4,5,6,45,21,11,31,22,4,1,22,3659,2533,8959,3025,720,1409,5398,1947,4964,5436,14094,5234,1432,2742,4173,3995,106,76,25,659,9,116,15,107,13,119,23,112,70,125,15,204,1866,889,679,1274,382,509,452,530,3586,2186,1344,3012,1358,825,676,1372,43,285,88,1422,23,100,61,370,68,240,191,599,43,336,74,1639
"MB-REC-40",40,40,7,25,55,30,8,45,44,50,10,56,48,33,4,46,19,16,5,23,68,25,10,27,48,40,12,23,54,45,6,53,82,61,30,76,90,57,35,95,124,83,44,110,60,76,22,103,23,12,14,14,39,26,19,45,16,6,14,29,37,11,21,37,88,20,18,59,44,36,23,53,69,11,32,54,85,38,21,71,10,1,9,7,32,5,11,27,25,14,89,23,35,8,14,34
"MB-REC-45",106,102,16,82,97,146,17,229,71,97,13,66,77,71,8,81,50,43,18,31,22,37,7,44,26,30,9,28,46,48,7,103,87,89,151,107,98,282,83,250,69,80,129,78,96,118,62,134,48,39,35,63,82,76,89,108,21,21,29,32,55,48,30,49,99,50,61,109,51,72,61,97,59,38,36,71,43,51,29,78,27,18,26,37,13,22,20,31,30,22,89,28,19,20,25,52
"MB-REC-44",183,603,44,1181,614,315,93,2777,288,360,53,1604,3602,1285,264,33209,137,36,6,40,12,12,5,14,55,31,3,35,19,18,5,30,946,1286,3050,2211,882,1192,1937,2154,1558,2966,5312,3342,1836,4282,23469,8074,125,43,22,459,33,39,25,78,32,35,19,61,131,93,70,465,2171,908,1330,1346,618,910,967,933,3597,1730,2351,3184,1612,1185,1640,2488,173,195,114,1152,239,163,238,1087,75,132,155,343,877,637,259,8730
"MB-REC-14",106,103,23,76,153,95,17,161,66,92,16,53,93,107,13,123,46,56,16,52,28,24,9,46,24,35,12,31,41,52,13,93,157,121,180,118,127,201,107,168,72,106,93,80,107,161,82,154,48,50,52,59,81,81,103,117,27,34,38,32,60,34,35,71,136,58,81,109,76,71,75,90,45,47,74,64,65,68,49,86,44,42,53,81,10,21,22,20,28,47,84,54,30,32,36,52
"MB-REC-13",93,74,11,59,120,81,11,139,103,60,26,70,76,98,7,100,34,24,10,36,44,35,8,43,45,36,21,27,33,34,10,46,98,88,103,129,74,125,97,139,102,130,124,129,85,110,43,135,40,32,41,64,53,62,70,83,37,24,40,36,64,39,22,80,90,45,47,85,52,62,44,61,76,48,51,98,59,55,38,99,16,13,25,8,20,12,29,19,15,24,77,25,27,6,26,20
"MB-REC-46",61,27,5,18,43,19,5,37,35,26,3,18,54,34,6,42,13,21,4,24,6,6,3,7,10,18,10,13,17,20,4,23,43,34,147,38,30,33,87,43,20,24,99,30,36,51,86,49,18,11,17,16,10,7,15,12,7,8,10,6,19,12,9,12,44,32,40,34,18,20,26,19,29,15,25,19,22,27,23,20,8,9,10,6,5,4,9,9,57,16,122,76,10,9,12,18
"MB-REC-04",97,39,3,12,52,26,8,43,34,19,5,10,39,22,2,29,16,7,8,8,11,13,8,11,11,15,4,15,15,12,4,25,47,30,76,43,46,45,48,57,44,25,84,25,37,30,37,43,19,6,14,21,9,20,16,26,9,6,8,6,27,18,9,26,45,29,36,39,17,35,31,39,29,27,35,24,29,27,32,40,8,9,17,26,6,9,15,10,33,32,155,40,12,15,12,18
"MB-REC-24",134,80,26,53,78,83,21,103,70,57,12,44,66,104,10,89,79,74,19,54,31,29,8,36,23,42,9,40,37,55,17,111,181,114,140,135,80,97,72,102,78,98,83,84,118,150,70,125,50,46,56,45,37,37,48,70,37,22,25,29,48,37,37,36,123,69,93,128,53,50,86,78,56,34,65,73,71,44,53,85,36,33,53,49,17,18,12,23,23,31,81,50,33,35,32,87
"MB-REC-43",36,46,4,22,46,32,6,96,77,69,15,26,17,27,6,36,12,5,5,13,3,4,4,13,9,17,7,7,13,8,3,17,32,21,85,29,55,105,67,100,21,27,72,53,22,31,31,42,9,15,9,11,41,58,31,66,6,8,11,6,16,4,8,13,31,10,17,35,16,29,22,38,14,11,13,13,13,16,16,17,4,5,10,4,2,4,7,10,13,16,75,18,8,1,12,14
"MB-REC-32",158,199,18,120,141,95,16,217,90,174,12,53,77,96,11,109,50,38,18,56,29,17,12,19,34,46,19,24,60,33,6,104,102,89,138,97,146,358,105,380,101,97,83,71,80,115,66,120,52,92,43,59,145,97,153,147,19,50,24,22,43,51,20,64,92,50,83,93,64,79,63,99,46,58,44,42,50,56,33,58,35,22,50,40,5,18,24,27,58,42,253,59,24,26,45,62
"MB-REC-39",172,73,14,77,106,75,11,105,113,34,13,73,106,76,22,158,110,56,9,61,32,33,5,37,39,31,10,39,57,40,7,69,132,68,215,80,88,104,150,106,100,74,169,80,89,83,105,102,38,31,30,56,23,41,36,60,23,10,30,36,53,37,22,79,102,40,59,94,45,77,48,56,47,55,59,62,73,101,39,81,23,16,18,36,14,15,14,23,53,28,144,64,21,12,21,47
"MB-REC-11",145,121,22,110,103,125,16,152,62,74,6,50,119,136,6,143,45,69,16,49,19,33,10,27,13,35,9,31,27,60,6,67,195,115,386,130,134,182,240,184,107,124,258,110,142,158,146,149,46,47,59,86,34,62,63,82,28,22,35,34,66,55,45,109,96,60,73,105,29,48,33,46,51,39,49,61,41,51,38,66,18,25,41,40,15,18,25,23,22,18,92,41,21,22,32,73
"MB-REC-19",57,17,7,16,24,15,8,10,23,8,6,13,25,12,6,17,24,11,10,16,7,6,6,8,12,16,6,10,12,8,6,20,58,26,101,52,34,39,56,40,31,34,54,36,35,30,31,44,16,7,8,20,3,7,14,12,11,12,14,19,11,8,5,21,51,24,53,48,34,32,36,34,21,27,37,27,29,29,31,45,9,4,16,12,2,11,7,9,36,16,113,37,15,13,10,23
"MB-REC-01",131,189,23,109,113,100,15,151,79,84,12,64,90,62,11,133,53,31,10,51,42,31,7,41,101,106,26,65,55,41,8,65,110,79,115,133,78,116,81,123,113,98,93,139,85,145,51,182,40,34,48,81,60,49,62,92,26,23,34,36,61,29,21,82,102,51,48,92,51,82,47,45,56,35,36,66,68,95,40,94,21,12,13,25,27,13,38,25,57,21,136,174,45,27,42,59
"MB-REC-16",41,30,3,29,43,33,9,52,29,24,5,24,50,20,5,44,17,8,12,17,13,8,3,11,23,16,1,15,21,12,4,20,35,22,32,50,21,28,19,41,31,16,17,41,24,32,17,40,23,13,21,18,14,20,17,27,13,6,12,16,23,18,14,29,31,12,23,22,20,14,16,23,18,18,12,18,25,10,9,25,10,3,4,6,5,3,9,5,9,8,34,12,16,2,3,15
"MB-REC-07",141,65,12,47,87,59,24,69,118,87,20,94,91,49,14,110,54,28,15,39,31,34,9,31,56,44,26,35,41,30,6,52,145,83,163,102,88,101,105,110,112,84,124,108,92,101,88,140,43,28,33,36,29,39,42,40,15,17,20,31,43,22,26,51,137,56,81,124,65,64,72,68,81,59,53,91,57,63,59,103,37,19,34,22,11,7,20,22,38,35,110,62,24,26,44,59
"MB-REC-12",232,183,64,125,179,141,64,195,124,113,53,108,172,171,44,192,157,115,68,126,75,106,44,111,85,107,61,107,120,116,52,230,607,317,799,408,320,366,630,394,267,296,536,342,293,368,385,416,116,124,131,129,62,89,92,119,54,52,44,72,163,60,61,151,625,212,639,497,232,217,479,291,224,178,328,268,276,215,293,347,111,70,125,125,47,72,108,76,71,75,178,134,102,94,110,178
"MB-REC-28",64,66,8,32,137,69,11,220,72,126,5,28,35,41,5,46,28,15,5,26,10,17,2,26,15,34,7,22,27,12,1,39,39,50,52,73,112,391,35,380,53,63,36,59,24,94,30,94,116,20,55,56,228,118,266,298,168,27,158,138,97,20,61,106,117,37,54,89,79,61,57,92,260,63,91,170,45,41,29,68,32,8,31,18,18,12,56,16,40,25,135,36,39,8,33,20
"MB-REC-47",92,76,13,37,60,76,13,102,57,72,10,42,65,63,5,70,29,29,10,23,19,24,11,25,39,26,14,27,30,24,3,47,94,72,196,74,97,104,118,87,74,105,157,94,52,90,91,102,22,24,28,28,25,37,28,37,15,17,15,11,20,15,12,23,62,40,48,69,28,55,31,34,52,35,33,53,31,31,29,39,16,12,17,21,8,6,19,6,16,14,58,37,8,10,15,22
"MB-REC-18",100,61,11,30,44,42,4,64,50,50,14,18,34,54,5,53,50,42,10,45,15,25,6,20,20,43,12,29,29,33,11,85,135,65,147,87,58,79,85,90,61,68,78,64,62,73,79,89,35,33,39,27,27,36,26,32,22,16,13,20,27,25,17,43,109,56,82,89,56,51,54,62,45,38,37,44,50,51,37,45,29,19,31,32,6,16,8,15,30,16,78,32,22,26,34,49
"MB-REC-33",185,26,5,30,59,31,9,46,45,29,11,11,67,22,1,40,24,15,10,16,14,14,3,15,5,15,18,14,16,14,7,31,75,52,87,47,44,60,76,90,40,38,85,27,45,47,55,62,20,15,14,14,12,29,15,21,13,6,19,12,26,17,5,24,67,28,55,43,28,36,41,47,37,16,28,42,24,41,27,38,13,7,14,18,6,7,13,7,85,41,333,86,8,11,15,24
"MB-REC-31",101,26,7,36,63,21,1,28,36,27,6,11,73,29,7,43,14,15,8,13,7,5,5,15,14,4,2,9,12,18,3,28,58,37,136,45,37,47,76,51,38,38,87,41,43,48,56,53,21,19,14,21,3,18,8,15,7,10,7,15,28,11,10,23,56,25,28,44,25,12,22,25,21,19,25,17,16,18,20,34,11,7,17,13,2,10,13,7,55,18,114,62,11,14,12,25
"MB-REC-15",49,40,11,14,46,38,19,41,39,28,9,13,36,17,7,24,18,11,19,17,12,11,7,11,11,23,14,8,15,17,7,21,47,29,80,33,41,123,79,83,38,31,45,25,26,41,44,46,6,12,17,13,15,13,11,17,10,6,10,7,5,7,7,12,46,29,62,54,27,29,44,32,20,37,32,18,27,31,24,33,11,11,14,9,5,10,7,8,37,52,203,82,13,10,13,27
"MB-REC-23",77,42,23,40,59,39,20,34,37,24,20,26,45,29,11,43,74,31,25,42,12,12,7,20,19,29,19,21,29,32,15,59,166,94,299,126,106,76,211,124,60,63,127,92,95,90,147,123,37,25,46,43,16,14,28,31,19,14,17,27,36,18,17,28,143,59,71,144,66,67,51,87,66,50,35,73,86,62,28,97,36,16,36,24,4,8,4,9,43,42,122,80,31,34,36,54
"MB-REC-30",109,56,18,45,67,33,31,42,47,37,31,40,45,27,19,47,65,33,30,46,36,42,27,39,26,24,30,28,57,33,22,99,238,101,345,187,125,112,295,140,109,110,232,123,127,123,200,123,41,31,44,41,18,27,37,34,12,17,19,28,46,12,15,41,205,98,309,198,95,86,224,123,85,69,165,97,101,93,140,127,45,23,36,43,8,27,37,34,29,33,100,65,43,31,61,76
"MB-REC-42",125,79,13,79,78,41,15,64,54,40,14,37,64,69,15,99,49,32,15,48,19,26,9,27,21,20,11,16,32,29,4,41,111,61,272,94,74,84,162,112,79,63,178,61,78,71,108,79,41,36,41,47,27,38,28,59,20,10,20,36,29,26,22,62,97,50,70,111,36,48,51,59,59,34,42,58,43,62,31,85,32,25,25,28,5,13,20,18,22,13,75,37,15,24,31,52
"MB-REC-21",42,39,7,16,34,23,5,54,59,45,8,20,39,58,7,50,22,43,7,25,7,22,6,16,9,14,8,13,13,25,7,46,63,41,63,35,32,49,50,43,27,54,53,35,21,52,23,39,11,10,23,11,5,16,25,19,5,10,15,10,8,12,4,11,18,18,23,16,14,34,25,22,18,16,24,29,11,17,17,19,6,5,9,16,1,3,8,7,7,13,46,17,4,11,3,14
"MB-REC-34",47,16,2,17,257,198,132,184,42,19,2,23,150,56,54,83,22,15,4,24,12,13,6,7,14,18,12,9,11,19,4,25,38,28,32,28,33,45,45,52,24,23,26,16,24,37,12,62,20,10,19,16,14,13,12,20,9,7,11,6,18,6,6,24,48,23,27,30,21,24,24,13,22,11,30,26,30,20,20,42,10,7,3,12,4,10,5,7,12,20,82,18,12,11,9,30
"MB-REC-22",57,22,11,19,22,16,12,23,27,21,15,19,33,14,5,24,15,9,13,21,7,9,7,6,14,6,11,11,15,9,11,19,100,29,131,57,42,42,88,56,56,29,72,50,43,48,59,60,24,12,13,12,6,11,12,11,6,9,15,12,17,7,8,13,62,27,53,67,42,33,45,41,32,34,36,40,40,27,20,54,12,9,17,19,4,9,7,5,21,20,114,36,6,16,15,15
"MB-REC-35",48,27,8,14,31,18,12,13,25,15,11,11,27,11,10,30,34,14,14,17,11,8,1,11,12,8,4,9,15,14,6,23,68,36,99,49,55,44,88,50,32,40,72,39,42,32,55,43,12,8,18,6,6,7,9,6,9,7,9,6,14,9,7,19,76,17,68,74,28,33,52,33,29,23,42,38,36,25,30,48,17,5,11,18,6,9,14,7,10,14,48,28,13,17,19,25
"MB-REC-29",58,21,2,12,12,9,0,13,17,14,3,9,26,16,2,26,17,9,2,12,5,5,1,4,5,4,4,8,10,8,5,14,46,21,168,21,28,19,87,30,22,31,96,20,25,23,51,37,14,7,9,17,8,3,7,12,8,8,4,8,18,4,4,13,38,16,34,22,16,23,18,12,22,23,18,12,15,19,13,17,8,6,9,3,2,5,3,6,29,18,75,55,3,8,8,10
"MB-REC-08",63,33,11,44,64,49,12,55,41,41,8,23,48,36,14,57,51,43,14,54,31,25,6,20,29,34,13,25,36,42,14,54,116,70,122,98,91,77,101,79,69,71,124,65,71,91,54,99,26,28,24,23,21,33,30,38,11,19,28,18,25,16,16,24,99,48,96,82,50,40,78,62,50,57,60,71,59,59,55,73,29,16,36,38,4,16,17,33,23,28,67,60,23,28,24,59
"MB-REC-27",125,48,9,27,60,39,6,56,48,30,6,28,67,53,11,43,27,31,8,25,10,20,6,22,12,18,7,17,24,34,13,65,86,46,124,51,42,74,76,67,49,49,89,58,40,64,49,78,27,12,18,33,16,15,25,22,19,13,9,8,35,18,20,48,69,31,36,39,23,33,22,31,27,14,18,28,25,37,18,31,11,16,11,20,6,4,13,9,77,44,211,50,12,20,17,28
